{"dongbaek": {"F": 9, "H": 8, "N": 9, "pF": 0.001953125, "pH": 0.01953125}, "memil": {"F": 8, "H": 8, "N": 9, "pF": 0.01953125, "pH": 0.01953125}}