{"drama_curves": {"action": [0.19719328509933867, 0.22985168180564072, 0.2730640551378319, 0.19541732405797707, 0.4148141401857398, 0.39882245479067563, 0.48052737739038187, 0.7574808675690231, 0.500837085709541, 0.0, 0.5297426597628305, 0.07711903224855965, 0.20523734393374052, 0.2713122021649051, 0.6495731532549911, 0.41117650052635984, 0.3889247533610669, 0.2789196370932101, 1.0, 0.40608969808662354], "drama": [0.3868109917779692, 0.23380527363394016, 0.07079948515603542, 0.5520140105078811, 0.3537470371855194, 0.4587372256099699, 1.0, 0.461912096723145, 0.19118435211951093, 0.24086679467431898, 0.0, 0.23232122887346213, 0.19671962807446944, 0.1342758072570489, 0.14047503499110248, 0.11693850709317048, 0.35089851525189997, 0.23143361537217133, 0.1393820465750916, 0.3880615280737659], "melo": [0.8637897760682699, 0.758681472176961, 0.6944956884936244, 0.9708586196582801, 0.47639591644297213, 0.7289684695331702, 0.0, 0.9347393176076003, 0.26021499632029216, 0.9381912177558295, 0.787160561087225, 0.6603672379727128, 0.855870341562411, 0.9344102202743568, 0.9111231794748389, 0.9358485430181287, 1.0, 0.5710243781585358, 0.8327001270174081, 0.5950265922943732], "romance": [1.0, 0.6914291853196972, 0.3968221778181605, 0.5945270703416635, 0.42258681081180466, 0.2813219849923338, 0.5139211712911351, 0.4081977034726968, 0.08838366159957663, 0.6033343069690345, 0.5409345967125128, 0.6430238454845872, 0.0, 0.6293331952351872, 0.3940098506545692, 0.20469759665728193, 0.08599662638922859, 0.2857482220752786, 0.1712120188720635, 0.2697491770535046], "romcom": [0.7860683421262362, 0.43751153068834914, 0.22701365254985342, 0.2228628969475596, 0.3102640127679762, 0.20357707810150563, 0.15629703400379646, 0.27047819096123754, 0.316485436567124, 0.0, 0.3746584267711454, 0.5795255358998983, 0.6021532551474287, 0.7233154744508206, 0.4677338048460828, 0.704160712376122, 0.6554539117049415, 0.6988057827168538, 0.5439571067288553, 1.0], "thriller": [0.8441654048036598, 0.6069271790329244, 0.6819746111167639, 0.7503486332976226, 0.8439738809320035, 0.6929393527690171, 0.29384550008678434, 0.4171629329486899, 0.752796547782214, 0.3670973958738574, 0.0, 1.0, 0.8965711241852761, 0.1334801683016016, 0.4733572339164839, 0.6658506951718037, 0.42679897774133535, 0.46677958594933044, 0.796278451768903, 0.9591036682806553]}}