{"10부": {"recurrence": 0.8246075973370689, "build": 0.7996940089061233, "climax_payoff": 0.09651016839484328, "richness": 2.9545454545454546, "n_motif": 130}, "11부": {"recurrence": 0.7766555923457682, "build": 0.766780012295657, "climax_payoff": 0.2056957442067735, "richness": 2.8292682926829267, "n_motif": 116}, "12부": {"recurrence": 0.8234232872390767, "build": 0.791231237479658, "climax_payoff": 0.0948979591836735, "richness": 2.4473684210526314, "n_motif": 93}, "13부": {"recurrence": 0.8223830943140406, "build": 0.6938125643936415, "climax_payoff": 0.04839910576752704, "richness": 2.4782608695652173, "n_motif": 114}, "14부": {"recurrence": 0.8350733313318155, "build": 0.7544690416465186, "climax_payoff": 0.04020890725436177, "richness": 1.8076923076923077, "n_motif": 94}, "1부": {"recurrence": 0.7787280192167572, "build": 0.6978767775421753, "climax_payoff": 0.20308243718976426, "richness": 3.2666666666666666, "n_motif": 147}, "2부": {"recurrence": 0.7814217711232941, "build": 0.7604624270903154, "climax_payoff": 0.13378821614115732, "richness": 2.3181818181818183, "n_motif": 102}, "3부": {"recurrence": 0.7960023811936856, "build": 0.8019920959087206, "climax_payoff": 0.1250378244943462, "richness": 2.62, "n_motif": 131}, "4부": {"recurrence": 0.7597080512927196, "build": 0.6594914003850766, "climax_payoff": 0.1243577075098814, "richness": 2.7, "n_motif": 108}, "5부": {"recurrence": 0.7798251244002123, "build": 0.707687720681087, "climax_payoff": 0.17611509358821187, "richness": 2.5238095238095237, "n_motif": 106}, "6부": {"recurrence": 0.792205408451471, "build": 0.8071208755183161, "climax_payoff": 0.038690476190476275, "richness": 2.825, "n_motif": 113}, "7부": {"recurrence": 0.6934273845812309, "build": 0.8108614005582574, "climax_payoff": 0.24730616605616607, "richness": 2.6153846153846154, "n_motif": 102}, "8부": {"recurrence": 0.8234210742053878, "build": 0.7045760997967562, "climax_payoff": 0.14630647130647134, "richness": 2.1333333333333333, "n_motif": 96}, "9부": {"recurrence": 0.7636335303005939, "build": 0.7863512760945041, "climax_payoff": 0.07385691793586535, "richness": 2.8461538461538463, "n_motif": 111}, "ing": {"recurrence": 0.7977677044227748, "build": 0.8411534884092204, "climax_payoff": 0.12385531135531125, "richness": 3.4482758620689653, "n_motif": 100}, "각설탕": {"recurrence": 0.6768973214285714, "build": 0.42299149486738447, "climax_payoff": 0.2857142857142857, "richness": 0.46875, "n_motif": 15}, "간신": {"recurrence": 0.8776012018230713, "build": 0.7213687383718149, "climax_payoff": 0.050447724507103886, "richness": 3.1865671641791047, "n_motif": 427}, "건축학개론": {"recurrence": 0.8440916400352368, "build": 0.726134219287339, "climax_payoff": 0.06269053980075645, "richness": 1.8359375, "n_motif": 235}, "결혼은미친짓이다": {"recurrence": 0.8187431526253258, "build": 0.6189262070775531, "climax_payoff": 0.05564438590081333, "richness": 2.489130434782609, "n_motif": 229}, "곡성": {"recurrence": 0.8789761967246998, "build": 0.6199621999347289, "climax_payoff": 0.04324127588246329, "richness": 2.236111111111111, "n_motif": 322}, "공동경비구역JSA": {"recurrence": 0.8441713519774874, "build": 0.7670469358766544, "climax_payoff": 0.0783989916500184, "richness": 4.204081632653061, "n_motif": 412}, "광식이동생광태": {"recurrence": 0.8318418467579052, "build": 0.6990653791390911, "climax_payoff": 0.09601967897422425, "richness": 2.669724770642202, "n_motif": 291}, "광해": {"recurrence": 0.8482138553306547, "build": 0.7163049485744032, "climax_payoff": 0.05709155038399072, "richness": 2.5703125, "n_motif": 329}, "괴물": {"recurrence": 0.8311229642051718, "build": 0.7977341190792886, "climax_payoff": 0.06909449779911925, "richness": 4.237623762376238, "n_motif": 428}, "국가대표": {"recurrence": 0.8508553923444193, "build": 0.7208683243900749, "climax_payoff": 0.05622750756975936, "richness": 3.2521008403361344, "n_motif": 387}, "그녀를믿지마세요": {"recurrence": 0.8480933468748169, "build": 0.633852650086025, "climax_payoff": 0.11335400622483705, "richness": 2.464864864864865, "n_motif": 456}, "그림자살인": {"recurrence": 0.8440973441423525, "build": 0.7451757388513528, "climax_payoff": 0.08335910923723022, "richness": 3.3947368421052633, "n_motif": 387}, "그해여름": {"recurrence": 0.8635039034347088, "build": 0.7374348220719391, "climax_payoff": 0.03942718601151762, "richness": 3.0701754385964914, "n_motif": 350}, "끝까지간다": {"recurrence": 0.8141474458247642, "build": 0.7777295177651793, "climax_payoff": 0.14648323456954626, "richness": 3.988235294117647, "n_motif": 339}, "나의결혼원정기": {"recurrence": 0.8415899272475943, "build": 0.7593523358506968, "climax_payoff": 0.05726074267579684, "richness": 2.292682926829268, "n_motif": 282}, "내깡패같은애인": {"recurrence": 0.8461277866669054, "build": 0.7750023686186521, "climax_payoff": 0.07899554149554144, "richness": 3.272727272727273, "n_motif": 216}, "내머리속의지우개": {"recurrence": 0.8625268981032219, "build": 0.739974316350891, "climax_payoff": 0.05562605719636815, "richness": 4.296610169491525, "n_motif": 507}, "내생애가장아름다운일주일": {"recurrence": 0.8742911632549454, "build": 0.6841174178041702, "climax_payoff": 0.04568738664007199, "richness": 2.171597633136095, "n_motif": 367}, "너는내운명": {"recurrence": 0.8510527971893184, "build": 0.6071027297602162, "climax_payoff": 0.10310187846952557, "richness": 2.810810810810811, "n_motif": 312}, "넘버3": {"recurrence": 0.8357227292525183, "build": 0.7652744843673244, "climax_payoff": 0.09715154575514329, "richness": 3.5619047619047617, "n_motif": 374}, "달콤한 인생": {"recurrence": 0.8487783808801777, "build": 0.7270226971436234, "climax_payoff": 0.07847892626264208, "richness": 2.40625, "n_motif": 308}, "댄서의순정": {"recurrence": 0.8083003362229287, "build": 0.7020320256051574, "climax_payoff": 0.038969163623054026, "richness": 2.5511811023622046, "n_motif": 324}, "댄싱퀸": {"recurrence": 0.8210205649423521, "build": 0.706502346030187, "climax_payoff": 0.08362290296297625, "richness": 2.975206611570248, "n_motif": 360}, "도가니": {"recurrence": 0.8661442649757992, "build": 0.6731490060470884, "climax_payoff": 0.08549335018391169, "richness": 2.5220588235294117, "n_motif": 343}, "동갑내기과외하기": {"recurrence": 0.8732187414189133, "build": 0.6719670884402209, "climax_payoff": 0.058023835708004845, "richness": 2.6422018348623855, "n_motif": 288}, "마더": {"recurrence": 0.8699727056459635, "build": 0.626285317152149, "climax_payoff": 0.10911390197104487, "richness": 3.712328767123288, "n_motif": 271}, "미녀는괴로워": {"recurrence": 0.82060489590401, "build": 0.7451775842751029, "climax_payoff": 0.030546902008408372, "richness": 3.3392857142857144, "n_motif": 374}, "미스터소크라테스24": {"recurrence": 0.8223018653534487, "build": 0.7597083590667064, "climax_payoff": 0.1402918667027212, "richness": 2.7027027027027026, "n_motif": 300}, "미인도": {"recurrence": 0.8511136627582496, "build": 0.6694716217835557, "climax_payoff": 0.06961708176647219, "richness": 2.282828282828283, "n_motif": 226}, "밀양": {"recurrence": 0.857821136432581, "build": 0.7011004146488978, "climax_payoff": 0.08717758600952896, "richness": 2.9831932773109244, "n_motif": 355}, "밀정": {"recurrence": 0.8588733577143429, "build": 0.6654498598828248, "climax_payoff": 0.00033729388517000913, "richness": 3.375, "n_motif": 405}, "바람난가족": {"recurrence": 0.8321770577146257, "build": 0.7397294560927428, "climax_payoff": 0.11281633671339542, "richness": 1.773109243697479, "n_motif": 211}, "바람의전설": {"recurrence": 0.8477149640155218, "build": 0.7389927473231057, "climax_payoff": 0.06766237636141048, "richness": 2.640625, "n_motif": 338}, "바르게살자": {"recurrence": 0.8676698167165807, "build": 0.734127292488032, "climax_payoff": 0.04189363719266748, "richness": 3.4956521739130433, "n_motif": 402}, "박쥐": {"recurrence": 0.8318136083359362, "build": 0.7159668055937509, "climax_payoff": 0.06874405303940534, "richness": 2.3450704225352115, "n_motif": 333}, "반창꼬": {"recurrence": 0.8882173382173383, "build": 0.6037422039894387, "climax_payoff": 0.05128205128205121, "richness": 2.7142857142857144, "n_motif": 38},