{"10부": {"drse_recurrence": 0.8190345708075998, "drse_richness": 6.181818181818182, "drse_build": 0.8174037720093195, "n": 44, "n_motif": 272}, "11부": {"drse_recurrence": 0.800465961095367, "drse_richness": 5.829268292682927, "drse_build": 0.7223385020182085, "n": 41, "n_motif": 239}, "12부": {"drse_recurrence": 0.8190115637253687, "drse_richness": 5.2368421052631575, "drse_build": 0.8276044511326085, "n": 38, "n_motif": 199}, "13부": {"drse_recurrence": 0.797262573811898, "drse_richness": 5.043478260869565, "drse_build": 0.8381915903085239, "n": 46, "n_motif": 232}, "14부": {"drse_recurrence": 0.8262100577267406, "drse_richness": 3.9615384615384617, "drse_build": 0.7928000107601509, "n": 52, "n_motif": 206}, "1부": {"drse_recurrence": 0.7695100982457304, "drse_richness": 5.955555555555556, "drse_build": 0.7786778885205088, "n": 45, "n_motif": 268}, "2부": {"drse_recurrence": 0.7851992343772328, "drse_richness": 5.954545454545454, "drse_build": 0.824144081372216, "n": 44, "n_motif": 262}, "3부": {"drse_recurrence": 0.7964873603205647, "drse_richness": 4.88, "drse_build": 0.8006536287349455, "n": 50, "n_motif": 244}, "4부": {"drse_recurrence": 0.7619863761148984, "drse_richness": 4.925, "drse_build": 0.6870734500153798, "n": 40, "n_motif": 197}, "5부": {"drse_recurrence": 0.8128583128587197, "drse_richness": 5.309523809523809, "drse_build": 0.7265950024260808, "n": 42, "n_motif": 223}, "6부": {"drse_recurrence": 0.7926507970555744, "drse_richness": 6.025, "drse_build": 0.6925434275203579, "n": 40, "n_motif": 241}, "7부": {"drse_recurrence": 0.7232959257365076, "drse_richness": 5.205128205128205, "drse_build": 0.8647303406596497, "n": 39, "n_motif": 203}, "8부": {"drse_recurrence": 0.8220991666936384, "drse_richness": 4.2, "drse_build": 0.8298423166043313, "n": 45, "n_motif": 189}, "9부": {"drse_recurrence": 0.7901790532841906, "drse_richness": 6.256410256410256, "drse_build": 0.8094895254502473, "n": 39, "n_motif": 244}, "ing": {"drse_recurrence": 0.7643898212348278, "drse_richness": 9.655172413793103, "drse_build": 0.8545555860231638, "n": 29, "n_motif": 280}, "각설탕": {"drse_recurrence": 0.6416666666666666, "drse_richness": 0.5625, "drse_build": 0.1475124278817216, "n": 32, "n_motif": 18}, "간신": {"drse_recurrence": 0.862187966414244, "drse_richness": 7.186567164179104, "drse_build": 0.7853334841601719, "n": 134, "n_motif": 963}, "건축학개론": {"drse_recurrence": 0.8069630582279479, "drse_richness": 4.9453125, "drse_build": 0.7092230170721459, "n": 128, "n_motif": 633}, "결혼은미친짓이다": {"drse_recurrence": 0.846118295017628, "drse_richness": 5.489130434782608, "drse_build": 0.708296986248479, "n": 92, "n_motif": 505}, "곡성": {"drse_recurrence": 0.8718577311097737, "drse_richness": 5.916666666666667, "drse_build": 0.7124648515602527, "n": 144, "n_motif": 852}, "공동경비구역JSA": {"drse_recurrence": 0.8019688427735181, "drse_richness": 8.255102040816327, "drse_build": 0.8365538919696479, "n": 98, "n_motif": 809}, "광식이동생광태": {"drse_recurrence": 0.8247294676778782, "drse_richness": 5.458715596330276, "drse_build": 0.8269870337747885, "n": 109, "n_motif": 595}, "광해": {"drse_recurrence": 0.8315036396663545, "drse_richness": 3.15625, "drse_build": 0.7566274527291431, "n": 128, "n_motif": 404}, "괴물": {"drse_recurrence": 0.8275312542185485, "drse_richness": 8.801980198019802, "drse_build": 0.8011959727862075, "n": 101, "n_motif": 889}, "국가대표": {"drse_recurrence": 0.8342329409395147, "drse_richness": 6.495798319327731, "drse_build": 0.7925637100951856, "n": 119, "n_motif": 773}, "그녀를믿지마세요": {"drse_recurrence": 0.8300482294539471, "drse_richness": 6.870270270270271, "drse_build": 0.8065447313729921, "n": 185, "n_motif": 1271}, "그림자살인": {"drse_recurrence": 0.8295855199865945, "drse_richness": 9.228070175438596, "drse_build": 0.8179527037527071, "n": 114, "n_motif": 1052}, "그해여름": {"drse_recurrence": 0.8421905766773201, "drse_richness": 8.06140350877193, "drse_build": 0.8056044703993449, "n": 114, "n_motif": 919}, "끝까지간다": {"drse_recurrence": 0.7879802376773508, "drse_richness": 8.68235294117647, "drse_build": 0.8537529073216281, "n": 85, "n_motif": 738}, "나의결혼원정기": {"drse_recurrence": 0.8309037339233808, "drse_richness": 6.056910569105691, "drse_build": 0.7960531746484061, "n": 123, "n_motif": 745}, "내깡패같은애인": {"drse_recurrence": 0.8268372974706151, "drse_richness": 9.409090909090908, "drse_build": 0.8073285300011557, "n": 66, "n_motif": 621}, "내머리속의지우개": {"drse_recurrence": 0.8556056552682547, "drse_richness": 11.542372881355933, "drse_build": 0.7953399731701396, "n": 118, "n_motif": 1362}, "내생애가장아름다운일주일": {"drse_recurrence": 0.8615726783894303, "drse_richness": 5.224852071005917, "drse_build": 0.7467846079440635, "n": 169, "n_motif": 883}, "너는내운명": {"drse_recurrence": 0.851146445668991, "drse_richness": 6.7207207207207205, "drse_build": 0.7497469584289956, "n": 111, "n_motif": 746}, "넘버3": {"drse_recurrence": 0.8244138651984929, "drse_richness": 5.752380952380952, "drse_build": 0.7956733685180947, "n": 105, "n_motif": 604}, "달콤한 인생": {"drse_recurrence": 0.8256667046291124, "drse_richness": 5.9375, "drse_build": 0.7860238234358593, "n": 128, "n_motif": 760}, "댄서의순정": {"drse_recurrence": 0.8203843316099134, "drse_richness": 6.448818897637795, "drse_build": 0.7303301296870238, "n": 127, "n_motif": 819}, "댄싱퀸": {"drse_recurrence": 0.8071469311128229, "drse_richness": 5.958677685950414, "drse_build": 0.7144220044900904, "n": 121, "n_motif": 721}, "도가니": {"drse_recurrence": 0.8439333035421892, "drse_richness": 6.022058823529412, "drse_build": 0.7988909212194463, "n": 136, "n_motif": 819}, "동갑내기과외하기": {"drse_recurrence": 0.8583942104391602, "drse_richness": 6.6880733944954125, "drse_build": 0.7710675811984501, "n": 109, "n_motif": 729}, "마더": {"drse_recurrence": 0.8834332539190378, "drse_richness": 8.082191780821917, "drse_build": 0.6030309011979826, "n": 73, "n_motif": 590}, "미녀는괴로워": {"drse_recurrence": 0.8210192342200526, "drse_richness": 7.205357142857143, "drse_build": 0.8182414644692313, "n": 112, "n_motif": 807}, "미스터소크라테스24": {"drse_recurrence": 0.8226934016994368, "drse_richness": 6.2342342342342345, "drse_build": 0.7715707282395123, "n": 111, "n_motif": 692}, "미인도": {"drse_recurrence": 0.831050333424571, "drse_richness": 5.151515151515151, "drse_build": 0.7600376373356719, "n": 99, "n_motif": 510}, "밀양": {"drse_recurrence": 0.8421459975249478, "drse_richness": 8.747899159663865, "drse_build": 0.8074530497634288, "n": 119, "n_motif": 1041}, "밀정": {"drse_recurrence": 0.8432206853321618, "drse_richness": 7.975, "drse_build": 0.7853362685675321, "n": 120, "n_motif": 957}, "바람난가족": {"drse_recurrence": 0.8454624275495838, "drse_richness": 3.991596638655462, "drse_build": 0.7830389917455847, "n": 119, "n_motif": 475}, "바람의전설": {"drse_recurrence": 0.822614005098923, "drse_richness": 6.640625, "drse_build": 0.8159848966043501, "n": 128, "n_motif": 850}, "바르게살자": {"drse_recurrence": 0.8432161349886363, "drse_richness": 7.226086956521739, "drse_build": 0.7798979637891301, "n": 115, "n_motif": 831}, "박쥐": {"drse_recurrence": 0.7903810633369386, "drse_richness": 5.47887323943662, "drse_build": 0.7846006213062056, "n": 142, "n_motif": 778}, "반창꼬": {"drse_recurrence": 0.8901296073985149, "drse_richness": 11.142857142857142, "drse_build": 0.6016874694008671, "n": 14, "n_motif": 156}, "반칙왕": {"drse_recurrence": 0.8339764497292976, "drse_richness": 1.2012012012012012, "drse_build": 0.46209975893343724, "n": 333, "n_motif": 400}, "번지점프를하다": {"drse_recurrence": 0.8493443653094956, "drse_richness": 6.85, "drse_build": 0.7732084487624153, "n": 100, "n_motif": 685}, "범죄": {"drse_recurrence": 0.8657269522572242, "drse_richness": 7.95, "drse_build": 0.773897921174733, "n": 100, "n_motif": 795}, "베를린": {"drse_recurrence": 0.7992743560771758, "drse_richness": 6.492647058823529, "drse_build": 0.8181704069411068, "n": 136, "n_motif": 883}, "부당거래": {"drse_recurrence": 0.8493168245595778, "drse_richness": 6.783783783783784, "drse_build": 0.761089220400811, "n": 111, "n_motif": 753},