{"genre_curves": {"action": [0.33962163453849825, 0.3847075630618336, 0.17194107125247585, 0.24687179252317895, 0.2720917245574489, 0.48696861838841965, 0.4129014112805678, 0.5759881383144337, 0.6327466509279083, 0.6839660045775852, 0.33620525044680755, 0.04172697661826746, 1.0, 0.689293163058288, 0.3822509058957924, 0.24688878210893223, 0.3426044148546596, 0.5260160418623391, 0.22332274931386076, 0.0], "comedy": [0.0, 0.6944525942161551, 0.4481580009253761, 0.4343924201370314, 0.7927602085136211, 0.6232216718729324, 0.4451414896248613, 0.641905879587739, 0.8702517991819546, 0.8214558971337184, 0.7951952781181505, 0.5690304839813837, 0.9736259690352504, 0.5633438609207899, 0.7686774276526278, 1.0, 0.25946188495590483, 0.38586854240168694, 0.4790224876171407, 0.6251726861291432], "crime": [0.0, 0.1945780018776567, 0.14675260287555772, 0.7719596198272133, 0.4691927130033018, 0.33300773214907314, 0.5471597801664576, 0.45156805451534293, 0.5641852762159939, 0.4282736556895566, 0.4921781875336238, 1.0, 0.7822002341796853, 0.38049979430162745, 0.758275931180709, 0.19699574890030494, 0.25928332577347896, 0.13901412462156792, 0.37010306015886263, 0.6184998937601811], "drama": [0.0, 0.2762500906457254, 0.7323214502019726, 0.6981317055048996, 0.1829256499016391, 0.23605483873973485, 0.36956083445652976, 0.18863588209533197, 0.3286306938513364, 0.3258673472074776, 0.22805978445155378, 0.3009398932075187, 1.0, 0.94122456872553, 0.28131710713592656, 0.36700830483647773, 0.19157057544539932, 0.14139396313645966, 0.03784960385285819, 0.6291713118079663], "melo": [0.0, 0.4010204911367703, 0.5411347373556676, 0.2469086146411728, 0.49311879980484624, 0.3651406732802082, 1.0, 0.5744081499895455, 0.6664498292405269, 0.4671897869572287, 0.9118149292567898, 0.47439188718258507, 0.1913827451618152, 0.23698975443161494, 0.5303606277443488, 0.7573356875682455, 0.36392096275817204, 0.4123333062286551, 0.39248251748251745, 0.32298079827149623], "period": [0.0, 0.10626689688794244, 0.18574117472546647, 0.1686554757901344, 0.15663669508856254, 0.23672059500562131, 0.5445752227517473, 0.31587287661122454, 0.4710922455890587, 0.46167204683778906, 0.5696348508460993, 1.0, 0.341835179535511, 0.8706542945342949, 0.7383409777288957, 0.6879006297920686, 0.34147700395168956, 0.499242494819569, 0.37517173886105576, 0.27298225493237643], "romance": [0.41928004610542197, 0.5506627654386664, 0.42802899321718313, 0.5036396683956201, 0.49440275112571946, 0.6078312718889926, 0.5283947333421998, 0.14419027352928154, 1.0, 0.10098164016238236, 0.7227867180919445, 0.84133971716097, 0.8634880524892495, 0.5637318792392606, 0.27051026288956875, 0.5759786319102715, 0.130269982710467, 0.2922076770593859, 0.0, 0.07519680301965209], "romcom": [0.01171893469142383, 0.13254216452438686, 0.6733558030678612, 0.6147543751815253, 0.42646452911496735, 0.045112832740069164, 0.7884319785556521, 0.4913745938899433, 0.5787093636652237, 0.6738184814692232, 0.35788005484596497, 1.0, 0.2632808964478455, 0.21972109996844688, 0.017291338795414994, 0.0, 0.7984917359558529, 0.11938115919514228, 0.8567385563082996, 0.41451401399324767], "thriller": [0.0, 0.18633290045228643, 0.29079427287763737, 0.4837824271875912, 0.6216750931899184, 0.5686767490003899, 0.6573947035286355, 1.0, 0.7625695113983314, 0.9553994042535271, 0.11096897553943313, 0.48525084170815114, 0.3777236931245643, 0.5268405132778657, 0.9663210632148402, 0.344299952935201, 0.8743594682343179, 0.19601220699375355, 0.5507732420884102, 0.13204868194285302]}, "motif_build": {"10부": 0.08528479762901053, "11부": 0.1410257522808549, "12부": 0.014202484158826979, "13부": 0.008197295009844974, "14부": -0.11744309838940217, "1부": 0.19336578635574012, "2부": 0.08279129954876976, "3부": 0.12251919410105612, "4부": 0.1251026657212273, "5부": -0.08070778236861588, "6부": 0.08497041787070246, "7부": 0.07012719839227409, "8부": 0.05542951287426733, "9부": 0.10657175930946262, "ing": 0.10878749131296821, "각설탕": -0.18496360805321477, "간신": 0.10224237803894476, "건축학개론": 0.14967978258759607, "결혼은미친짓이다": 0.14948895727406236, "곡성": -0.1561256553455514, "공동경비구역JSA": 0.4468164180763969, "광식이동생광태": -0.08839128314336284, "광해": 0.16542256466747798, "괴물": 0.018885888440078696, "국가대표": -0.2537478570079045, "그녀를믿지마세요": 0.2021159860311969, "그림자살인": 0.08280811404021284, "그해여름": -0.14357104282885413, "끝까지간다": -0.11307855925464755, "나의결혼원정기": -0.22795567269331038, "내깡패같은애인": 0.1027479688143094, "내머리속의지우개": 0.041282804138774276, "내생애가장아름다운일주일": -0.10950832058718622, "너는내운명": -0.25072296327300986, "넘버3": -0.3027032225803892, "달콤한 인생": -0.08306479231430995, "댄서의순정": 0.1058481618861444, "댄싱퀸": -0.16097184188025393, "도가니": -0.3088363076046364, "동갑내기과외하기": 0.03209261324820038, "마더": 0.10626521905282475, "미녀는괴로워": -0.07735546560337682, "미스터소크라테스24": 0.06141630146212841, "미인도": -0.008129943822000673, "밀양": 0.034247344100273296, "밀정": -0.07508511705223044, "바람난가족": -0.03336807750261512, "바람의전설": 0.07290095977646058, "바르게살자": 0.03761692088721816, "박쥐": 0.2394469920565619, "반창꼬": 0.09537616406174848, "반칙왕": -0.025752123612255883, "번지점프를하다": -0.16592249638257547, "범죄": -0.09508555355864001, "베를린": -0.02251150432230839, "부당거래": 0.048709444202922975, "부산행": 0.08408414318217469, "브라보마이라이프": 0.06012302427689487, "비열한거리": -0.30713382505181386, "살인의추억": -0.2642101250350481, "성난펭귄": 0.23548517074824055, "스승의은혜": -0.09906586541334285, "스캔들": 0.20868956001514272, "신세계": 0.05631504755369279, "써니": 0.05176515566632373, "아는여자": -0.14520785118936066, "아저씨": -0.02109787835927272, "악마를보았다": -0.04542309056790298, "엽기적인그녀": -0.21488877125894726, "오직그대만": 0.11111352148894897, "올드보이": -0.04842158189210167, "와니와준하": 0.09631078175925367, "완득이": 0.042466646414944076, "우리들의행복한시간": 0.025169745316777622, "우리생애최고의순간": 0.11781059592600415, "우아한거짓말": 0.07761885741600226, "우아한세계": 0.3122163757995546, "음란서생": 0.25085842545112785, "의뢰인": 0.16129570652032454, "의형제": -0.06511134342215663, "인사동스캔들": -0.1655797872573558, "좋지아니한가": -0.2971139171367529, "지구를지켜라": 0.6028900388492471, "질투는나의힘": -0.0363524101099725, "천하장사마돈나": 0.10023986725999356, "추격자": -0.21368136670864532, "친절한금자씨": -0.06316644629609604, "타짜": -0.47046162220406046, "태양의후예 10회": 0.376614190485756, "택시운전사": -0.1253980375155741, "품행제로": -0.0793682775953835, "해운대": 0.07420983395285165, "해피엔드": -0.01827761508222301, "홍반장": -0.055060636246106937, "효자동이발사": 0.08910905922290695}}