{"fa": [4.84, 6.29, 6.9799999999999995, 6.53, 6.84, 6.53, 5.57, 6.29, 6.630000000000001, 6.989999999999999, 7.47], "fb": [3.89, 6.29, 6.53, 5.880000000000001, 6.12, 5.57, 5.89, 6.239999999999998, 6.630000000000001, 7.39, 6.57], "fg": [6.9799999999999995, 6.9799999999999995, 7.58], "pa": [7.5, 7.5, 7.5, 7.5, 7.5, 7.5, 7.5, 6.5, 7.5, 8.5, 7.5], "pb": [6.5, 6.5, 6.5, 6.5, 7.5, 7.5, 7.5, 6.5, 7.5, 7.5, 7.5], "pg": [8.5, 7.5, 8.5], "tA": [-0.0195063062287803, -0.04537123449583086, 0.0386459330192887, -0.038440018468238135, -0.02976663862889306, 0.005132488091332099, -0.016521981174910938, 0.01388977828540408, 0.010639993082957516, 0.04114179597126538, 0.030275600272775316], "tB": [0.0036077914468183314, -0.016517842332594457, -0.0003424101227914589, 0.021313639448001798, 0.0041492170685285545, 0.07086520429638615, 0.008564749962026275, 0.03167556993055731, 0.01821463715110369, 0.014107382765288806, 0.04816153206144247], "wA": 7, "wB": 5, "wE": 2, "rho": 0.42292490118577075}