{"rows": [[1, 5.08, 4.28], [2, 7.66, 7.84], [3, 7.720000000000001, 7.110000000000001], [4, 7.67, 6.57], [5, 7.67, 7.67], [6, 6.99, 6.57], [7, 6.99, 6.99], [8, 7.66, 6.57], [9, 7.66, 7.84], [10, 8.540000000000001, 7.720000000000001], [11, 8.540000000000001, 7.720000000000001]], "wins": 7, "p": 0.2744140625}