{"rows": [[1, 5.08, 4.28, 0.7999999999999998], [2, 7.66, 7.84, -0.17999999999999972], [3, 7.720000000000001, 7.84, -0.11999999999999922], [4, 7.67, 6.57, 1.0999999999999996], [5, 7.67, 7.67, 0.0], [6, 6.99, 6.57, 0.41999999999999993], [7, 6.99, 6.57, 0.41999999999999993], [8, 7.66, 6.84, 0.8200000000000003], [9, 7.66, 7.84, -0.17999999999999972], [10, 8.540000000000001, 7.84, 0.7000000000000011], [11, 8.540000000000001, 8.540000000000001, 0.0]], "wins": 6, "p": 0.5, "h2_ranks": {"s1": 6, "s2": 1}, "sims": [[2, 0.6869863703135105], [3, 0.6352881295082865], [10, 0.625787516233816], [9, 0.6201914013578795], [4, 0.5572038681042282], [1, 0.5217161352470836], [5, 0.4980950003868429], [6, 0.48528090927517187], [8, 0.4806358657018926], [7, 0.47340001777301477]]}