{"w1": 17, "w2": 14, "NB": 20, "rank19": 2, "pct": 100, "top5": [[34, 0.7413495862620373], [19, 0.6518777466780554], [29, 0.6287429889765775], [24, 0.5986731860838712], [11, 0.598282203179774]]}